{"g1": -8.414095103281312e-06, "g2": -1.6754838820516928e-05, "g3": 2.0224264320063353e-05}