{"g1": -8.411418522167389e-06, "g2": -1.6586040491486995e-05, "g3": 1.7511517363385882e-05}