{"g1": -8.823487713895035e-06, "g2": -1.7215520244142637e-05, "g3": 1.8003277403385084e-05}