{"g1": -6.956731081421339e-06, "g2": -1.3852815609540657e-05, "g3": 1.6721318985258138e-05}