{"g1": -7.75064978870636e-06, "g2": -1.534004088867653e-05, "g3": 1.53089415860785e-05}