{"g1": -8.793814169128112e-06, "g2": -1.7404665750529756e-05, "g3": 1.7369380775038398e-05}