{"outfile": "output.json", "F": 1.1, "L": 1.4899999999999998, "a": 0.8056624327025936, "D": 0.779587585476807, "d": 0.1, "E": 200000}
