{"g1": -5.66965351748275e-06, "g2": -1.2000921588273645e-05, "g3": 1.6230493155888737e-05}