{"g1": -2.9760992312510365e-06, "g2": -6.991417657191313e-06, "g3": 1.0079410230468721e-05}