{"g1": -5.206133276548643e-06, "g2": -1.1336346448337347e-05, "g3": 1.553668646850401e-05}