{"outfile": "output.json", "F": 1.1, "L": 1.51, "a": 1.0943375672974063, "D": 0.8204124145231934, "d": 0.1, "E": 200000}
