{"g1": -6.976834290288318e-06, "g2": -1.4027144168818859e-05, "g3": 1.4217784187549836e-05}