{"g1": -1.0636028311807227e-05, "g2": -2.105076524473907e-05, "g3": 2.1008088427707274e-05}