{"outfile": "output.json", "F": 0.8267949192431123, "L": 1.5, "a": 1.1436491673103708, "D": 0.831622776601684, "d": 0.1, "E": 200000}
