{"g1": -3.249989023019604e-06, "g2": -7.401868403527692e-06, "g3": 1.0541080326489436e-05}