{"g1": -4.203493650609801e-06, "g2": -9.874798334063344e-06, "g3": 1.4236332062038323e-05}