{"g1": -8.792239431469073e-06, "g2": -1.7154551672967357e-05, "g3": 1.7939518999096946e-05}