{"g1": -5.3421157222274725e-06, "g2": -1.0479748545996478e-05, "g3": 1.2524577530581154e-05}