{"g1": -6.131490300943128e-06, "g2": -1.2209528233380873e-05, "g3": 1.4737755991588381e-05}