{"g1": -1.0317160746864771e-05, "g2": -2.0343874871248968e-05, "g3": 2.147903342146531e-05}