{"g1": -7.226031019922162e-06, "g2": -1.4528162009795506e-05, "g3": 1.4725611258505076e-05}