{"g1": -6.882069699955136e-06, "g2": -1.3570396765762085e-05, "g3": 1.4327605115497539e-05}