{"g1": -8.74352308011577e-06, "g2": -1.7438937786721607e-05, "g3": 1.7537662469512442e-05}