{"outfile": "output.json", "F": 0.8267949192431123, "L": 1.5, "a": 0.7563508326896291, "D": 0.8000000000000005, "d": 0.1, "E": 200000}
