{"g1": -7.2291004589246065e-06, "g2": -1.4418425159058152e-05, "g3": 1.4500050225193501e-05}