{"g1": -8.441313338343903e-06, "g2": -1.6644988531021883e-05, "g3": 1.757375461756253e-05}