{"g1": -4.244478393393324e-06, "g2": -9.242344558625601e-06, "g3": 1.2666815564931026e-05}