{"g1": -7.545295964397846e-06, "g2": -1.4801776772263715e-05, "g3": 1.768992833758346e-05}