{"g1": -6.7961195676124366e-06, "g2": -1.314347505848512e-05, "g3": 1.5556235010213755e-05}