{"g1": -1.0274650179389084e-05, "g2": -2.0492767459627017e-05, "g3": 2.0608780372322795e-05}