{"outfile": "output.json", "F": 1.0, "L": 1.5173205080756889, "a": 0.9499999999999998, "D": 0.7683772233983162, "d": 0.1, "E": 200000}
