{"g1": -9.32614969094322e-06, "g2": -1.8036471347380097e-05, "g3": 2.1347443182744573e-05}