{"g1": -6.408197866135121e-06, "g2": -1.2683067867739354e-05, "g3": 1.2657355122359297e-05}