{"g1": -7.160227691392168e-06, "g2": -1.425803481121728e-05, "g3": 1.721044695181534e-05}