{"g1": -4.939590871501081e-06, "g2": -1.1604029353482482e-05, "g3": 1.6729335581867977e-05}