{"g1": -4.084028635696751e-06, "g2": -9.594152512207253e-06, "g3": 1.383172966140146e-05}