{"g1": -9.051048687925321e-06, "g2": -1.7913782810892618e-05, "g3": 1.7877465687857917e-05}