{"g1": -6.190467853658654e-06, "g2": -1.234687468443486e-05, "g3": 1.241677236407491e-05}