{"outfile": "output.json", "F": 0.9, "L": 1.51, "a": 0.8056624327025936, "D": 0.8204124145231934, "d": 0.1, "E": 200000}
