{"g1": -1.0784262761427266e-05, "g2": -2.104119140950767e-05, "g3": 2.2004005715248436e-05}