{"g1": -4.622379139117138e-06, "g2": -9.784162194173336e-06, "g3": 1.3232465220321435e-05}