{"g1": -5.920039875866884e-06, "g2": -1.1788470740305875e-05, "g3": 1.4229510097664033e-05}