{"g1": -7.710813180572576e-06, "g2": -1.4912462871087837e-05, "g3": 1.7649957562324226e-05}