{"g1": -6.561748753844764e-06, "g2": -1.2690209497962549e-05, "g3": 1.501976306880178e-05}