{"outfile": "output.json", "F": 1.0, "L": 1.5, "a": 0.7563508326896291, "D": 0.831622776601684, "d": 0.1, "E": 200000}
