{"g1": -7.487307565128369e-06, "g2": -1.4933418671389249e-05, "g3": 1.5017959200138551e-05}