{"g1": -6.929576521367806e-06, "g2": -1.4667793052334455e-05, "g3": 1.9837269412752903e-05}