{"g1": -7.483361068998693e-06, "g2": -1.4811024612470617e-05, "g3": 1.4780997799663998e-05}