{"g1": -6.238412367549698e-06, "g2": -1.2238033831078354e-05, "g3": 1.4625942871288762e-05}