{"g1": -4.125538433716663e-06, "g2": -9.12762291755633e-06, "g3": 1.2844226592971621e-05}