{"g1": -7.193650443929242e-06, "g2": -1.4035542277882382e-05, "g3": 1.4677788271988411e-05}