{"g1": -4.590340294893922e-06, "g2": -1.0454526015182287e-05, "g3": 1.4888402832032014e-05}