{"outfile": "output.json", "F": 0.8267949192431123, "L": 1.4826794919243111, "a": 0.7563508326896291, "D": 0.831622776601684, "d": 0.1, "E": 200000}
