{"g1": -5.974445733564768e-06, "g2": -1.2011810535639727e-05, "g3": 1.217506057128117e-05}