{"g1": -8.198586660713615e-06, "g2": -1.6483515629784663e-05, "g3": 1.6707539685614918e-05}