{"g1": -3.5328064948146317e-06, "g2": -7.816222304905693e-06, "g3": 1.0998847267468536e-05}