{"outfile": "output.json", "F": 0.8267949192431123, "L": 1.5173205080756889, "a": 1.1436491673103708, "D": 0.7683772233983162, "d": 0.1, "E": 200000}
