{"g1": -4.847984481731617e-06, "g2": -1.072601188193173e-05, "g3": 1.5093450758734952e-05}