{"g1": -7.936368017176137e-06, "g2": -1.5348678617401005e-05, "g3": 1.8166249839260732e-05}