{"g1": -5.0694850282082e-06, "g2": -1.009477590971464e-05, "g3": 1.218510177489001e-05}