{"g1": -4.459880939565545e-06, "g2": -1.0157404094674226e-05, "g3": 1.4465268312463469e-05}