{"outfile": "output.json", "F": 1.0, "L": 1.4826794919243111, "a": 1.1436491673103708, "D": 0.831622776601684, "d": 0.1, "E": 200000}
