{"g1": -3.5995615865364776e-06, "g2": -8.456048161969345e-06, "g3": 1.2190943601462737e-05}