{"g1": -5.187695814147396e-06, "g2": -1.1296198904986847e-05, "g3": 1.5481663468249032e-05}