{"outfile": "output.json", "F": 0.9, "L": 1.51, "a": 1.0943375672974063, "D": 0.779587585476807, "d": 0.1, "E": 200000}
