{"outfile": "output.json", "F": 0.8267949192431123, "L": 1.4826794919243111, "a": 1.1436491673103708, "D": 0.8000000000000005, "d": 0.1, "E": 200000}
