{"g1": -3.475427193394866e-06, "g2": -8.164433091153923e-06, "g3": 1.1770527017551106e-05}