{"g1": -5.394180389555773e-06, "g2": -1.2285276382652182e-05, "g3": 1.7495594101746136e-05}