{"g1": -8.43840972883003e-06, "g2": -1.6965687430275912e-05, "g3": 1.7196264583441656e-05}