{"g1": -6.363051782448341e-06, "g2": -1.385553454796787e-05, "g3": 1.8989283461504903e-05}