{"g1": -6.4612343374314655e-06, "g2": -1.2675148700224405e-05, "g3": 1.5148348446609653e-05}