{"g1": -8.866594829542965e-06, "g2": -1.739379846943835e-05, "g3": 2.078771036591412e-05}