{"g1": -5.649574503365391e-06, "g2": -1.195842045954519e-05, "g3": 1.6173013047059532e-05}