{"g1": -3.9308284888770235e-06, "g2": -8.952484142384084e-06, "g3": 1.2749328861550389e-05}