{"g1": -8.495028565319227e-06, "g2": -1.69433160168502e-05, "g3": 1.7039234903633665e-05}