{"g1": -3.7952700334152244e-06, "g2": -8.643748992447657e-06, "g3": 1.2309655817168834e-05}