{"g1": -5.61899712907066e-06, "g2": -1.0866958399554065e-05, "g3": 1.2861816068996558e-05}