{"outfile": "output.json", "F": 1.0, "L": 1.4826794919243111, "a": 0.7563508326896291, "D": 0.7683772233983162, "d": 0.1, "E": 200000}
