{"g1": -9.916106727190577e-06, "g2": -1.9936643593400965e-05, "g3": 2.0207598398052326e-05}