{"g1": -7.330855556053373e-06, "g2": -1.438110420087025e-05, "g3": 1.7187173313235176e-05}